{
  "strategy": {
    "CAGR": 0.40470752014257383,
    "Volatility": 0.2850599571738401,
    "Sharpe": 1.3339650157052725,
    "Sortino": 0.5012287776128863,
    "MaxDrawdown": -0.2365277886713676,
    "FinalEquity": 1.4047075201425738,
    "AverageHoldingPeriodBars": 6.925925925925926
  },
  "buy_and_hold": {
    "CAGR": 0.5968272204128853,
    "Volatility": 0.9413810961059517,
    "Sharpe": 0.9719323154155184,
    "Sortino": 1.219126415391694,
    "MaxDrawdown": -0.5475805900692827,
    "FinalEquity": 1.5968272204128853
  }
}