{
  "accuracy": 0.532648401826484,
  "precision_macro": 0.5334710710153941,
  "recall_macro": 0.533484375169708,
  "f1_macro": 0.5326454541241816,
  "confusion_matrix": [
    [
      2322,
      1874
    ],
    [
      2220,
      2344
    ]
  ]
}