{
  "strategy": {
    "CAGR": 1.2602476281825967,
    "Volatility": 0.5461356376789327,
    "Sharpe": 1.771698695295479,
    "Sortino": 0.8825751517652404,
    "MaxDrawdown": -0.3409779876651474,
    "FinalEquity": 2.2602476281825967,
    "AverageHoldingPeriodBars": 18.761904761904763
  },
  "buy_and_hold": {
    "CAGR": 0.5968272204128853,
    "Volatility": 0.9413810961059517,
    "Sharpe": 0.9719323154155184,
    "Sortino": 1.219126415391694,
    "MaxDrawdown": -0.5475805900692827,
    "FinalEquity": 1.5968272204128853
  }
}