{
  "strategy": {
    "CAGR": 0.1533061478761535,
    "Volatility": 0.12850047930195085,
    "Sharpe": 1.1743512126327678,
    "Sortino": 0.22434335362345725,
    "MaxDrawdown": -0.13253806518566802,
    "FinalEquity": 1.1533061478761535,
    "AverageHoldingPeriodBars": 20.22222222222222
  },
  "buy_and_hold": {
    "CAGR": 0.5968272204128853,
    "Volatility": 0.9413810961059517,
    "Sharpe": 0.9719323154155184,
    "Sortino": 1.219126415391694,
    "MaxDrawdown": -0.5475805900692827,
    "FinalEquity": 1.5968272204128853
  }
}