{
  "accuracy": 0.5305936073059361,
  "precision_macro": 0.5304511689733364,
  "recall_macro": 0.5305035721178468,
  "f1_macro": 0.5303133044047315,
  "confusion_matrix": [
    [
      2217,
      1979
    ],
    [
      2133,
      2431
    ]
  ]
}