{
  "strategy": {
    "CAGR": 1.0127462040328132,
    "Volatility": 0.6173711546085343,
    "Sharpe": 1.446668415063563,
    "Sortino": 0.982470383321492,
    "MaxDrawdown": -0.3230252894925165,
    "FinalEquity": 2.0127462040328132,
    "AverageHoldingPeriodBars": 19.49645390070922
  },
  "buy_and_hold": {
    "CAGR": 0.5968272204128853,
    "Volatility": 0.9413810961059517,
    "Sharpe": 0.9719323154155184,
    "Sortino": 1.219126415391694,
    "MaxDrawdown": -0.5475805900692827,
    "FinalEquity": 1.5968272204128853
  }
}