{
  "accuracy": 0.5309360730593607,
  "precision_macro": 0.5328543225747211,
  "recall_macro": 0.5326961991262493,
  "f1_macro": 0.5307572672751348,
  "confusion_matrix": [
    [
      2411,
      1785
    ],
    [
      2324,
      2240
    ]
  ]
}