{
  "strategy": {
    "CAGR": 0.6825800064712435,
    "Volatility": 0.9028387270846855,
    "Sharpe": 1.0319990078765815,
    "Sortino": 1.264312065772278,
    "MaxDrawdown": -0.5022959905623682,
    "FinalEquity": 1.6825800064712435,
    "AverageHoldingPeriodBars": 39.214285714285715
  },
  "buy_and_hold": {
    "CAGR": 0.5968272204128853,
    "Volatility": 0.9413810961059517,
    "Sharpe": 0.9719323154155184,
    "Sortino": 1.219126415391694,
    "MaxDrawdown": -0.5475805900692827,
    "FinalEquity": 1.5968272204128853
  }
}