{
  "accuracy": 0.5364155251141552,
  "precision_macro": 0.5377431588556882,
  "recall_macro": 0.53768571796185,
  "f1_macro": 0.5363884047396437,
  "confusion_matrix": [
    [
      2383,
      1813
    ],
    [
      2248,
      2316
    ]
  ]
}