{
  "strategy": {
    "CAGR": -0.03963357526812317,
    "Volatility": 0.8204742557501912,
    "Sharpe": 0.36687240142034094,
    "Sortino": 0.36381128176747213,
    "MaxDrawdown": -0.609791092013786,
    "FinalEquity": 0.9603664247318768,
    "AverageHoldingPeriodBars": 22.673003802281368
  },
  "buy_and_hold": {
    "CAGR": 0.5968272204128853,
    "Volatility": 0.9413810961059517,
    "Sharpe": 0.9719323154155184,
    "Sortino": 1.219126415391694,
    "MaxDrawdown": -0.5475805900692827,
    "FinalEquity": 1.5968272204128853
  }
}